stop0.png,0
stop1.png,0
stop10.png,0
stop11.png,0
stop12.png,0
stop13.png,0
stop14.png,0
stop15.png,0
stop16.png,0
stop17.png,0
stop18.png,0
stop19.png,0
stop2.png,0
stop20.png,0
stop21.png,0
stop22.png,0
stop23.png,0
stop24.png,0
stop25.png,0
stop26.png,0
stop27.png,0
stop28.png,0
stop29.png,0
stop3.png,0
stop30.png,0
stop31.png,0
stop32.png,0
stop33.png,0
stop34.png,0
stop35.png,0
stop36.png,0
stop37.png,0
stop38.png,0
stop39.png,0
stop4.png,0
stop40.png,0
stop41.png,0
stop42.png,0
stop43.png,0
stop44.png,0
stop45.png,0
stop46.png,0
stop47.png,0
stop48.png,0
stop49.png,0
stop5.png,0
stop50.png,0
stop51.png,0
stop52.png,0
stop53.png,0
stop54.png,0
stop55.png,0
stop56.png,0
stop57.png,0
stop58.png,0
stop59.png,0
stop6.png,0
stop60.png,0
stop61.png,0
stop62.png,0
stop63.png,0
stop64.png,0
stop65.png,0
stop66.png,0
stop67.png,0
stop68.png,0
stop69.png,0
stop7.png,0
stop70.png,0
stop71.png,0
stop72.png,0
stop73.png,0
stop74.png,0
stop75.png,0
stop76.png,0
stop77.png,0
stop78.png,0
stop79.png,0
stop8.png,0
stop80.png,0
stop81.png,0
stop9.png,0
